{
  "Debug Sampler" : {
    "transaction" : "Debug Sampler",
    "sampleCount" : 4500,
    "errorCount" : 0,
    "errorPct" : 0.0,
    "meanResTime" : 0.0671111111111111,
    "medianResTime" : 0.0,
    "minResTime" : 0.0,
    "maxResTime" : 8.0,
    "pct1ResTime" : 0.0,
    "pct2ResTime" : 1.0,
    "pct3ResTime" : 1.0,
    "throughput" : 150.15015015015015,
    "receivedKBytesPerSec" : 133.38009233191525,
    "sentKBytesPerSec" : 0.0
  },
  "Modify Transaction" : {
    "transaction" : "Modify Transaction",
    "sampleCount" : 4500,
    "errorCount" : 0,
    "errorPct" : 0.0,
    "meanResTime" : 14.575777777777835,
    "medianResTime" : 2.0,
    "minResTime" : 0.0,
    "maxResTime" : 743.0,
    "pct1ResTime" : 40.0,
    "pct2ResTime" : 66.0,
    "pct3ResTime" : 155.0,
    "throughput" : 157.17229576333344,
    "receivedKBytesPerSec" : 49.391530377912055,
    "sentKBytesPerSec" : 59.73365844713772
  },
  "Delete Transaction" : {
    "transaction" : "Delete Transaction",
    "sampleCount" : 4500,
    "errorCount" : 0,
    "errorPct" : 0.0,
    "meanResTime" : 12.569777777777855,
    "medianResTime" : 1.0,
    "minResTime" : 0.0,
    "maxResTime" : 832.0,
    "pct1ResTime" : 36.0,
    "pct2ResTime" : 58.0,
    "pct3ResTime" : 122.98999999999978,
    "throughput" : 157.27117044699963,
    "receivedKBytesPerSec" : 15.512097866354454,
    "sentKBytesPerSec" : 33.3545940656345
  },
  "Total" : {
    "transaction" : "Total",
    "sampleCount" : 31500,
    "errorCount" : 0,
    "errorPct" : 0.0,
    "meanResTime" : 11.912412698412664,
    "medianResTime" : 1.0,
    "minResTime" : 0.0,
    "maxResTime" : 957.0,
    "pct1ResTime" : 8.0,
    "pct2ResTime" : 16.0,
    "pct3ResTime" : 38.0,
    "throughput" : 1050.8406725380303,
    "receivedKBytesPerSec" : 873.6679121943388,
    "sentKBytesPerSec" : 253.71579815936082
  },
  "Create Transaction" : {
    "transaction" : "Create Transaction",
    "sampleCount" : 4500,
    "errorCount" : 0,
    "errorPct" : 0.0,
    "meanResTime" : 17.239111111111118,
    "medianResTime" : 2.0,
    "minResTime" : 0.0,
    "maxResTime" : 957.0,
    "pct1ResTime" : 44.90000000000009,
    "pct2ResTime" : 71.0,
    "pct3ResTime" : 182.95999999999913,
    "throughput" : 154.1201452154257,
    "receivedKBytesPerSec" : 48.58145918598876,
    "sentKBytesPerSec" : 74.50715668667374
  },
  "Search Transactions" : {
    "transaction" : "Search Transactions",
    "sampleCount" : 4500,
    "errorCount" : 0,
    "errorPct" : 0.0,
    "meanResTime" : 15.090444444444516,
    "medianResTime" : 2.0,
    "minResTime" : 0.0,
    "maxResTime" : 733.0,
    "pct1ResTime" : 40.0,
    "pct2ResTime" : 66.94999999999982,
    "pct3ResTime" : 136.97999999999956,
    "throughput" : 156.75619186957886,
    "receivedKBytesPerSec" : 305.3427259139757,
    "sentKBytesPerSec" : 30.15719706865921
  },
  "Get All Transactions" : {
    "transaction" : "Get All Transactions",
    "sampleCount" : 4500,
    "errorCount" : 0,
    "errorPct" : 0.0,
    "meanResTime" : 13.170888888888875,
    "medianResTime" : 2.0,
    "minResTime" : 0.0,
    "maxResTime" : 467.0,
    "pct1ResTime" : 39.0,
    "pct2ResTime" : 64.0,
    "pct3ResTime" : 140.0,
    "throughput" : 156.2662777372643,
    "receivedKBytesPerSec" : 303.34258587049,
    "sentKBytesPerSec" : 36.180764001024414
  },
  "Get Transaction by ID" : {
    "transaction" : "Get Transaction by ID",
    "sampleCount" : 4500,
    "errorCount" : 0,
    "errorPct" : 0.0,
    "meanResTime" : 10.67377777777778,
    "medianResTime" : 1.0,
    "minResTime" : 0.0,
    "maxResTime" : 590.0,
    "pct1ResTime" : 30.0,
    "pct2ResTime" : 50.0,
    "pct3ResTime" : 122.98999999999978,
    "throughput" : 156.88188537163575,
    "receivedKBytesPerSec" : 49.309018366075165,
    "sentKBytesPerSec" : 29.90152393320318
  }
}